Date,COTY count,COTY polarity mean,COTY polarity std,COTY subjectivity mean,COTY subjectivity std,COTY Watchlist count,DVN count,DVN polarity mean,DVN polarity std,DVN subjectivity mean,DVN subjectivity std,DVN Watchlist count,SLB count,SLB polarity mean,SLB polarity std,SLB subjectivity mean,SLB subjectivity std,SLB Watchlist count,SWKS count,SWKS polarity mean,SWKS polarity std,SWKS subjectivity mean,SWKS subjectivity std,SWKS Watchlist count,NFX count,NFX polarity mean,NFX polarity std,NFX subjectivity mean,NFX subjectivity std,NFX Watchlist count,HAL count,HAL polarity mean,HAL polarity std,HAL subjectivity mean,HAL subjectivity std,HAL Watchlist count,TIF count,TIF polarity mean,TIF polarity std,TIF subjectivity mean,TIF subjectivity std,TIF Watchlist count,AMG count,AMG polarity mean,AMG polarity std,AMG subjectivity mean,AMG subjectivity std,AMG Watchlist count,NBL count,NBL polarity mean,NBL polarity std,NBL subjectivity mean,NBL subjectivity std,NBL Watchlist count,BHGE count,BHGE polarity mean,BHGE polarity std,BHGE subjectivity mean,BHGE subjectivity std,BHGE Watchlist count,FTI count,FTI polarity mean,FTI polarity std,FTI subjectivity mean,FTI subjectivity std,FTI Watchlist count
2018-07-03,1.0,0.0,,0.0,,1376.0,15.0,0.040413019079685766,0.3518584735935166,0.4399775533108867,0.32235015141548906,3161.0,13.0,-0.004519230769230761,0.1897912356802222,0.3069230769230769,0.38182423127630805,5591.0,2.0,0.15,0.21213203435596426,0.4,0.42426406871192857,9310.0,3.0,0.28939393939393937,0.4435099795138489,0.37575757575757573,0.37500229567708704,919.0,17.0,-0.004576401267577738,0.17812955142611758,0.24510299069122599,0.2663857993580145,7781.0,7.0,0.05482529375386518,0.11209115585147936,0.41671923314780457,0.2457576401318846,3079.0,2.0,0.06818181818181818,0.0,0.37727272727272726,0.0,260.0,2.0,0.48939393939393944,0.4392633034643705,0.6674242424242425,0.11677975628686918,1322.0,1.0,0.2,,0.3,,2011.0,4.0,0.0,0.0,0.0,0.0,415.0
2018-07-04,1.0,0.225,,0.4,,1376.0,5.0,0.06000000000000001,0.1341640786499874,0.19,0.1746424919657298,3161.0,4.0,0.2,0.4,0.3375,0.30923292192132457,5591.0,3.0,0.0,0.0,0.09999999999999999,0.17320508075688773,9310.0,4.0,0.05,0.2516611478423583,0.325,0.42720018726587655,919.0,4.0,0.1927777777777778,0.4235199355431444,0.41694444444444445,0.2506048239315791,7781.0,2.0,0.19444444444444445,0.27498597046143514,0.49444444444444446,0.13356461422412563,3079.0,1.0,0.0,,0.1,,260.0,1.0,0.0,,0.3,,1322.0,3.0,0.16666666666666666,0.2886751345948129,0.26666666666666666,0.2516611478423583,2011.0,1.0,0.25,,0.25,,415.0
2018-07-10,5.0,0.12944444444444445,0.29935372775528896,0.37555555555555553,0.41323774282943404,1376.0,18.0,0.06937389770723104,0.12085064097563039,0.36526014109347443,0.3911861640528587,3161.0,8.0,0.14375,0.26109316892087175,0.35208333333333336,0.3240906080438343,5591.0,7.0,-0.01904761904761904,0.13032316365146676,0.2261904761904762,0.26314640743516093,9310.0,2.0,0.16666666666666666,0.23570226039551584,0.16666666666666666,0.23570226039551584,919.0,21.0,-0.011904761904761902,0.30980024286012187,0.3992063492063493,0.31922110895446193,7781.0,7.0,0.31309523809523815,0.29945386797905793,0.6351851851851852,0.2692455037497146,3079.0,3.0,0.0,0.0,0.0,0.0,260.0,9.0,0.1825140291806958,0.24765682564087085,0.3845735129068462,0.3085099750379772,1322.0,1.0,0.0,,0.0,,2011.0,19.0,0.13570175438596493,0.18087520064018636,0.4498245614035087,0.3133554438302256,415.0
2018-07-11,2.0,0.0,0.0,0.0,0.0,1376.0,4.0,0.0,0.0,0.0,0.0,3161.0,7.0,0.14710884353741496,0.2110042587582624,0.3001700680272109,0.335735694304599,5591.0,12.0,0.03224206349206349,0.12379647193664012,0.3101686507936508,0.27995773038761795,9310.0,3.0,0.018253968253968262,0.40124758201271526,0.5170634920634921,0.16577282992500736,919.0,25.0,0.022412698412698398,0.2018537952294335,0.3458253968253968,0.35836294240376493,7781.0,11.0,0.11042929292929293,0.15197675685452022,0.4162247474747475,0.24865810246601205,3079.0,2.0,0.13636363636363635,0.0,0.45454545454545453,0.0,260.0,7.0,0.3174603174603175,0.25945948428587196,0.4777777777777778,0.37147520396453626,1322.0,3.0,0.01666666666666668,0.43684474740270524,0.4888888888888889,0.01924500897298757,2011.0,4.0,-0.010714285714285714,0.012710807442894417,0.27232142857142855,0.19233560433231686,415.0
2018-07-13,1.0,0.0,,0.0,,1376.0,10.0,0.19309523809523807,0.22443470601445403,0.2511904761904762,0.2665940235522956,3161.0,5.0,0.0625,0.2576941016011038,0.2,0.27386127875258304,5591.0,3.0,-0.025694444444444436,0.14031730741166343,0.31111111111111106,0.03469443332443553,9310.0,4.0,0.0,0.0,0.15,0.17320508075688773,919.0,11.0,0.038852813852813854,0.08062305689843775,0.29137806637806635,0.2139749429996531,7781.0,5.0,0.16016666666666668,0.21760087060691852,0.40066666666666667,0.10001111049389577,3079.0,1.0,0.2,,0.5,,260.0,1.0,0.25,,0.5499999999999999,,1322.0,6.0,0.019444444444444448,0.09452610848429753,0.3222222222222222,0.38411755530865327,2011.0,1.0,0.0,,0.0,,415.0
2018-07-19,1.0,0.5,,0.6,,1376.0,11.0,-0.018181818181818184,0.046220813886858766,0.11515151515151514,0.15446224735703498,3161.0,18.0,0.05732323232323233,0.15083134464748832,0.19053030303030302,0.2840157654631155,5591.0,93.0,0.10773206333690206,0.2711430677118121,0.18087152244410312,0.3136986886902385,9310.0,5.0,0.1766666666666667,0.46749925727807906,0.39333333333333337,0.3443189735631128,919.0,14.0,0.07261904761904761,0.1989134097202714,0.3550595238095238,0.29923414785782765,7781.0,8.0,0.1009548611111111,0.2740616852196697,0.3245659722222222,0.1917180377082292,3079.0,1.0,0.25,,0.5,,260.0,1.0,0.3,,0.45,,1322.0,9.0,0.08827160493827162,0.21405917543952446,0.2432098765432099,0.3280810482354144,2011.0,5.0,0.0,0.0,0.0,0.0,415.0
2018-07-23,4.0,0.11499999999999999,0.08698658900466592,0.4891666666666667,0.4115316917727399,1376.0,7.0,-0.026530612244897965,0.18302606993008533,0.36122448979591837,0.2517576695917142,3161.0,23.0,0.075,0.13832968231764656,0.24855072463768113,0.3446896218939152,5591.0,35.0,0.009235260770975062,0.2666273919608383,0.2587131519274376,0.2713463578467077,9310.0,2.0,0.18181818181818182,0.25712973861329,0.26136363636363635,0.3696239992566044,919.0,179.0,0.07499725127680734,0.23309466781867924,0.27229974660142253,0.30762805577186575,7781.0,23.0,0.14970808629776022,0.2458902382572928,0.3150021958717611,0.3133897802750994,3079.0,4.0,0.05625,0.1125,0.1,0.2,260.0,4.0,0.2854166666666667,0.3086991073665243,0.4958333333333333,0.4083333333333333,1322.0,8.0,0.0,0.0,0.03125,0.08838834764831845,2011.0,7.0,0.057142857142857155,0.1511857892036909,0.4857142857142857,0.501426536422407,415.0
2018-07-24,5.0,0.145,0.22107690969434146,0.18,0.24899799195977465,1376.0,8.0,0.11354166666666665,0.2188506004503079,0.2979166666666667,0.2778085300437684,3161.0,16.0,0.016865079365079375,0.24522101445627573,0.22487599206349204,0.2339858205389333,5591.0,16.0,0.11625744047619045,0.3169913241131682,0.3609002976190476,0.3826005837267945,9310.0,2.0,0.0,0.0,0.05,0.07071067811865477,919.0,103.0,0.09022852429898848,0.25290004953609696,0.2511094474565348,0.30331844312189765,7781.0,19.0,0.1398803827751196,0.2849333244851111,0.37872408293460924,0.29518231861076444,3079.0,5.0,0.07954545454545454,0.1286251199711911,0.35181818181818186,0.19801702906985774,260.0,8.0,0.29221230158730155,0.300581322691162,0.5017361111111112,0.4076942345003142,1322.0,12.0,0.020833333333333332,0.07216878364870323,0.041666666666666664,0.11645001528813151,2011.0,6.0,0.02666666666666667,0.06531972647421809,0.08999999999999998,0.220454076850486,415.0
2018-07-25,2.0,0.0,0.0,0.2,0.1414213562373095,1376.0,8.0,-0.06550505050505051,0.1114326712562381,0.44410353535353536,0.24298257576419302,3161.0,20.0,0.045070707070707074,0.17443560041081466,0.22066161616161617,0.3130838355991216,5591.0,18.0,0.060432098765432096,0.3236969607888665,0.252608024691358,0.2787516773576624,9310.0,5.0,0.010952380952380953,0.024490268324997694,0.06523809523809523,0.14587681567498628,919.0,61.0,-0.0013377135918119518,0.18833598857942555,0.26248135137479406,0.2998228766010372,7781.0,13.0,0.05188811188811189,0.11045436559310803,0.18744755244755243,0.2498901644715929,3079.0,1.0,0.13636363636363635,,0.45454545454545453,,260.0,4.0,0.05357142857142857,0.10714285714285714,0.31785714285714284,0.23972064240394028,1322.0,4.0,0.09583333333333333,0.1600781059358212,0.25,0.28867513459481287,2011.0,18.0,0.045264550264550264,0.12986849344431103,0.1721957671957672,0.2799215356669718,415.0
2018-07-30,3.0,0.04722222222222222,0.15949863577728435,0.2611111111111111,0.1618755809370385,1376.0,5.0,0.21333333333333332,0.34468181784880325,0.5,0.1767766952966369,3161.0,7.0,0.0,0.0,0.21428571428571427,0.2672612419124244,5591.0,6.0,0.08750000000000001,0.13761358944522886,0.2104166666666667,0.24525709299970647,9310.0,1.0,0.21428571428571427,,0.42857142857142855,,919.0,16.0,0.14841382575757578,0.3292832527882988,0.2771780303030303,0.3721447648050952,7781.0,12.0,0.021733940972222227,0.38401357917960366,0.5305555555555556,0.3418298452412298,3079.0,20.0,0.007038419913419913,0.0864234844316659,0.11976190476190476,0.18860191584135227,260.0,1.0,0.8,,0.75,,1322.0,8.0,-0.0125,0.035355339059327376,0.1625,0.21998376563477845,2011.0,12.0,0.05439814814814815,0.1818252108863882,0.23032407407407407,0.3222906979081145,415.0
2018-08-02,2.0,0.16666666666666666,0.09428090415820632,0.3916666666666667,0.01178511301977581,1376.0,11.0,0.04885871704053522,0.20988359709973942,0.3003345139708776,0.3140869012628742,3161.0,6.0,0.11576479076479078,0.19235598284165734,0.3873376623376623,0.30933830029521836,5591.0,9.0,0.14343915343915342,0.19164968124658166,0.28657527657527654,0.25539027579516366,9310.0,2.0,-0.18333333333333335,0.023570226039551608,0.13333333333333333,0.04714045207910316,919.0,15.0,0.052696969696969694,0.11847460955970279,0.23543434343434344,0.29440767952167335,7781.0,5.0,0.3364236111111111,0.1936230324970373,0.3901111111111112,0.22614741723262652,3079.0,5.0,-0.02,0.0447213595499958,0.12,0.2683281572999748,260.0,11.0,0.11969696969696969,0.22345993697829467,0.20303030303030303,0.3132108077653294,1322.0,14.0,0.04387755102040817,0.08725075030634385,0.05918367346938775,0.12849291166116145,2011.0,1.0,0.0,,0.25,,415.0
2018-08-03,2.0,0.041666666666666664,0.05892556509887896,0.33333333333333337,0.047140452079103216,1376.0,6.0,0.03174603174603175,0.14040487832118584,0.23015873015873015,0.18703235964006903,3161.0,9.0,0.03375420875420875,0.24071458912371363,0.327946127946128,0.32119345921266174,5591.0,9.0,0.06870370370370371,0.20812285664191263,0.48777777777777775,0.2628582211848137,9310.0,1.0,0.18214285714285716,,0.25357142857142856,,919.0,18.0,0.027592592592592592,0.14812027243190373,0.19277777777777777,0.29624722496700895,7781.0,6.0,0.08055555555555556,0.20928855088337775,0.4616898148148148,0.312576045274135,3079.0,6.0,0.07348484848484847,0.06333804535175297,0.41893939393939394,0.04612386007609899,260.0,45.0,0.10101907968574636,0.21651490204983442,0.22437934904601578,0.3031894815745831,1322.0,11.0,0.05610651974288338,0.16636113018808854,0.2793617998163453,0.3207540745581292,2011.0,2.0,0.03409090909090909,0.04821182598999187,0.18863636363636363,0.26677210381128835,415.0
2018-08-06,1.0,-0.275,,0.7,,1376.0,14.0,0.04451298701298701,0.13723734831984516,0.09623376623376623,0.19417023391458169,3161.0,11.0,-0.01136363636363636,0.020504988306618108,0.24015151515151514,0.23678454170810898,5591.0,27.0,-0.035988856822190156,0.227994342503313,0.2274945219389664,0.33035018860331145,9310.0,5.0,-0.003696969696969693,0.11143079813582243,0.3927878787878788,0.3852422466622875,919.0,6.0,-0.03541666666666666,0.07517341063611965,0.2902777777777778,0.23643278741105886,7781.0,9.0,0.18257201646090532,0.24962280262611428,0.4318106995884774,0.2282931871561998,3079.0,3.0,0.0493939393939394,0.08555281261628091,0.2657575757575757,0.25039858033905193,260.0,13.0,0.13076923076923078,0.2496150883013531,0.2,0.34641016151377546,1322.0,1.0,0.0,,0.0,,2011.0,2.0,-0.05,0.07071067811865477,0.35,0.3535533905932738,415.0
2018-08-08,3.0,0.2630952380952381,0.2166633961029974,0.4345238095238095,0.06271222471936158,1376.0,11.0,0.14350649350649353,0.2562774036209182,0.4805194805194805,0.41355959653801133,3161.0,9.0,0.10861391694725027,0.21633296320422832,0.38153759820426486,0.2631906948340002,5591.0,6.0,0.00978835978835979,0.3375028966652162,0.3070767195767196,0.26152574988907545,9310.0,4.0,0.1203125,0.10299865998319267,0.42031250000000003,0.2393227749818224,919.0,17.0,0.10844474153297681,0.26966796601690557,0.4404857397504456,0.32367307553695845,7781.0,6.0,0.1685185185185185,0.2762550857956891,0.27037037037037037,0.2262596199896484,3079.0,1.0,0.0,,0.0,,260.0,4.0,0.1574404761904762,0.29691404594641885,0.3940476190476191,0.37318722845643204,1322.0,3.0,-0.01962481962481963,0.06442079302321474,0.5935786435786435,0.23156494562951876,2011.0,1.0,-0.017857142857142863,,0.3392857142857143,,415.0
2018-08-09,19.0,0.06320802005012531,0.1983095416420578,0.24947368421052632,0.3291773069333323,1376.0,10.0,0.10487878787878788,0.17070554359486684,0.14565151515151514,0.21943960369409504,3161.0,10.0,0.09819191919191919,0.2879164109937636,0.29923232323232324,0.21070733003826664,5591.0,11.0,-0.012727272727272719,0.24750114783939522,0.18924242424242427,0.22242522293566394,9310.0,1.0,0.5,,0.8888888888888888,,919.0,12.0,0.12365319865319864,0.29009152612746747,0.3456649831649832,0.3248669824485516,7781.0,7.0,-0.06916294642857143,0.18784747920614595,0.14500000000000002,0.22732135843338608,3079.0,1.0,0.0,,0.3,,260.0,5.0,0.18755555555555556,0.34752600044838994,0.2402222222222222,0.34549517157298587,1322.0,3.0,0.06994949494949494,0.17271453523830416,0.4146464646464647,0.3136412433134284,2011.0,2.0,0.0,0.0,0.0,0.0,415.0
2018-08-10,10.0,0.04822222222222222,0.1367867584379081,0.15844444444444444,0.24640025653345632,1376.0,7.0,-0.029761904761904764,0.41577285083572196,0.4047619047619047,0.4498677054212186,3161.0,3.0,0.0,0.0,0.0,0.0,5591.0,12.0,0.13682659932659932,0.2943398567361826,0.2536195286195286,0.3079542434732631,9310.0,1.0,0.0,,0.0,,919.0,11.0,0.14610881542699727,0.2639645559813386,0.271814738292011,0.2283418794363865,7781.0,18.0,0.129375,0.16947681471848644,0.27429012345679016,0.26033815543694167,3079.0,4.0,-0.043472222222222225,0.05903611052295885,0.1815277777777778,0.20983698111146976,260.0,3.0,0.25,0.25,0.4166666666666667,0.3818813079129867,1322.0,6.0,0.05719696969696969,0.11713184514044638,0.35454545454545455,0.2969716295546269,2011.0,2.0,0.0,0.0,0.3,0.0,415.0
2018-08-15,6.0,0.07444444444444447,0.27842147639598225,0.23342592592592593,0.2967853313791143,1376.0,20.0,0.16619949494949496,0.20960009531670382,0.5547853535353536,0.3891790851890272,3161.0,16.0,-0.009610840548340544,0.1856457131159248,0.2101249098124098,0.20848970482059317,5591.0,10.0,0.053134920634920625,0.21775053771282687,0.4148015873015873,0.3414750136909356,9310.0,4.0,0.1828125,0.08385690646007889,0.46138392857142857,0.05046222887831398,919.0,21.0,0.0948893698893699,0.2378656238283433,0.2648869648869649,0.243670754637976,7781.0,9.0,0.061049382716049365,0.16112079579235788,0.2750617283950617,0.28285095708373065,3079.0,2.0,0.031060606060606056,0.04392633034643704,0.2924242424242424,0.41355032960304144,260.0,3.0,0.3444444444444445,0.3946106848434196,0.5916666666666667,0.1421560175769332,1322.0,4.0,0.07708333333333334,0.09655525188547057,0.69375,0.3607717422415453,2011.0,2.0,-0.08333333333333333,0.11785113019775792,0.08333333333333333,0.11785113019775792,415.0
2018-08-16,36.0,0.04098192573887019,0.20833125832535482,0.23747802095024317,0.30650561342123334,1376.0,13.0,0.04088134088134088,0.1243581147454236,0.19370906870906873,0.22253985939160792,3161.0,9.0,0.014814814814814812,0.18208751796191538,0.2888888888888889,0.22063670491456208,5591.0,7.0,-0.13223733938019652,0.42567708913561175,0.5147770219198791,0.24562265341022751,9310.0,7.0,0.16428571428571428,0.23578642474756284,0.18571428571428572,0.24102953780654787,919.0,8.0,0.005952380952380952,0.16235930591649828,0.17857142857142855,0.26298478612350623,7781.0,13.0,0.05782478632478632,0.17910090071496126,0.18961111111111112,0.25109235836238336,3079.0,3.0,0.016666666666666666,0.02886751345948129,0.2833333333333334,0.24664414311581237,260.0,3.0,0.19999999999999998,0.34641016151377546,0.39999999999999997,0.458257569495584,1322.0,2.0,0.125,0.1767766952966369,0.25,0.3535533905932738,2011.0,9.0,0.057112794612794615,0.2146412283972129,0.24515993265993266,0.3053773793889538,415.0
2018-08-21,151.0,0.033567924594414655,0.2273366657375588,0.2819565650194788,0.31356575158977795,1376.0,13.0,0.14753579753579754,0.24219259989308042,0.275974025974026,0.2815198368483699,3161.0,16.0,0.057430555555555554,0.1726108965417255,0.2879861111111111,0.2810794064246781,5591.0,5.0,0.46952380952380957,0.3132667464346778,0.5123809523809524,0.18401542871328794,9310.0,6.0,0.15378787878787878,0.15348342755631716,0.38484848484848483,0.3031742082548649,919.0,14.0,0.0873015873015873,0.25493634171273355,0.40555555555555556,0.28088011183950096,7781.0,3.0,0.02666666666666667,0.046188021535170064,0.5733333333333334,0.3743438704364389,3079.0,2.0,0.085,0.1202081528017131,0.23,0.3252691193458119,260.0,1.0,0.03333333333333333,,0.2333333333333333,,1322.0,4.0,0.09041666666666667,0.2790804178541189,0.37833333333333335,0.23465498708308535,2011.0,3.0,0.1593939393939394,0.15909177488941897,0.33909090909090905,0.29533144288582747,415.0
2018-08-22,29.0,0.06257111343318239,0.17966978873120604,0.20147016138395446,0.25604388185621996,1376.0,15.0,0.01072150072150072,0.06147539265918133,0.2723520923520924,0.3184211535198535,3161.0,19.0,0.048684210526315795,0.2014274514400463,0.28969298245614034,0.3521932176243756,5591.0,5.0,0.18291666666666664,0.21225680528286692,0.3573611111111111,0.22140670672757545,9310.0,3.0,0.059343434343434344,0.11002424114450664,0.3765151515151515,0.15320834227694877,919.0,13.0,0.1166971916971917,0.2762318310021247,0.3577533577533577,0.2942290448892582,7781.0,10.0,0.01390909090909091,0.02973420670992423,0.0835151515151515,0.17606910739397866,3079.0,1.0,0.35125,,0.8800000000000001,,260.0,2.0,0.05416666666666667,0.07660323462854265,0.23750000000000002,0.3358757210636101,1322.0,3.0,0.11111111111111112,0.3469443332443555,0.2222222222222222,0.2545875386086578,2011.0,2.0,-0.03333333333333333,0.04714045207910317,0.10000000000000002,0.14142135623730953,415.0
2018-08-24,7.0,0.16530612244897958,0.352353755768531,0.33639455782312927,0.39390124429891193,1376.0,10.0,-0.0044444444444444505,0.09773848817804884,0.18611111111111112,0.20659978341601568,3161.0,6.0,0.10694444444444445,0.38960152958099625,0.42777777777777776,0.3889682458714288,5591.0,7.0,0.19090909090909092,0.28967541443834605,0.29350649350649355,0.2779655668527407,9310.0,1.0,0.14166666666666666,,0.45,,919.0,12.0,0.13121693121693123,0.33075851096501774,0.371957671957672,0.31854402570377327,7781.0,10.0,0.12583333333333332,0.27166751874440337,0.4772222222222222,0.41336096084489793,3079.0,5.0,-0.01704545454545455,0.2765475800826808,0.45636363636363636,0.19299723802245855,260.0,1.0,0.4,,0.9,,1322.0,5.0,0.18222222222222223,0.37725453960730676,0.41611111111111115,0.36467472399521694,2011.0,1.0,0.16666666666666666,,0.3333333333333333,,415.0
2018-09-05,3.0,0.33809523809523806,0.41412147811898836,0.40952380952380957,0.3004531724637592,1376.0,11.0,0.057575757575757586,0.15480518875233631,0.20454545454545456,0.2392222245680211,3161.0,14.0,-0.04246753246753245,0.2748572688769078,0.3949296536796537,0.26307009970970685,5591.0,10.0,0.020833333333333332,0.21535392918359955,0.22416666666666668,0.2767327564971637,9310.0,3.0,0.007575757575757569,0.22306714945962813,0.3863636363636364,0.11809437324333254,919.0,56.0,0.03775241788634647,0.2412678149427701,0.2903381175702604,0.28018862460375726,7781.0,25.0,0.03991791726791727,0.1307240621268971,0.15972674362674363,0.22334813641779133,3079.0,2.0,0.25,0.3535533905932738,0.5,0.0,260.0,11.0,0.048295454545454544,0.08750405834744311,0.1755681818181818,0.25727621564451625,1322.0,2.0,0.1523809523809524,0.13805418108880213,0.41309523809523807,0.12290189292051899,2011.0,1.0,0.05476190476190476,,0.3261904761904762,,415.0
2018-09-07,9.0,0.0303030303030303,0.06013071161510433,0.11212121212121212,0.19687643479734285,1376.0,7.0,0.06607142857142857,0.2034486889798483,0.17321428571428574,0.2869041444371937,3161.0,29.0,0.044019505398815745,0.20367631806100683,0.26080895158481365,0.27154124045145495,5591.0,12.0,0.006558641975308636,0.0923206936564061,0.22422839506172842,0.2108232551254529,9310.0,1.0,0.0,,0.0,,919.0,21.0,0.0289021164021164,0.15456131859289188,0.18578042328042327,0.2371480110802493,7781.0,17.0,-0.06326797385620915,0.15168420258220458,0.21522875816993464,0.3263393023103243,3079.0,5.0,0.005714285714285694,0.38287313399440015,0.3638095238095238,0.3649868757929986,260.0,1.0,0.0,,0.0,,1322.0,6.0,0.06194444444444445,0.08178845793785242,0.2769444444444445,0.3762393101717556,2011.0,3.0,0.018518518518518517,0.032075014954979206,0.14444444444444443,0.2501851166488378,415.0
2018-09-12,2.0,0.10714285714285714,0.1515228816828316,0.21428571428571427,0.3030457633656632,1376.0,14.0,0.03236961451247165,0.08794202792929717,0.28140589569160995,0.2930290276339173,3161.0,16.0,0.07354166666666667,0.15405852062699352,0.3375694444444444,0.23270434402562207,5591.0,48.0,0.03525169853294853,0.30468567128372676,0.2317982653920154,0.29524683117559686,9310.0,5.0,0.20285714285714285,0.346469069797768,0.24571428571428572,0.22460850293752624,919.0,33.0,0.07127525252525253,0.16690068009445996,0.26026936026936026,0.27763232723931885,7781.0,44.0,0.20265151515151517,0.3073403094293361,0.2748737373737374,0.31742675594014336,3079.0,1.0,0.5,,0.5,,260.0,1.0,0.2,,1.0,,1322.0,5.0,0.04,0.08944271909999159,0.335,0.43502873468312414,2011.0,4.0,0.16319444444444442,0.24972593001820373,0.3868055555555555,0.2771416326860712,415.0
2018-09-20,6.0,0.05059523809523809,0.2820134824939936,0.29563492063492064,0.24262555095105057,1376.0,10.0,0.12541666666666668,0.20006220097574473,0.40458333333333335,0.36796094171750027,3161.0,5.0,0.08333333333333334,0.11785113019775793,0.3,0.33166247903553997,5591.0,11.0,0.07781385281385282,0.20941574102033364,0.34577922077922074,0.3397208419626649,9309.0,1.0,0.0,,0.0,,919.0,8.0,0.059375,0.16793786053180504,0.24375,0.4515350801116438,7781.0,7.0,0.06607142857142857,0.09429405626877575,0.35714285714285715,0.4755948656056709,3079.0,1.0,0.0,,0.3,,260.0,1.0,-0.3,,0.5666666666666667,,1322.0,2.0,0.0,0.0,0.5,0.7071067811865476,2011.0,2.0,0.225,0.24748737341529164,0.25,0.21213203435596428,415.0
2018-09-25,2.0,0.02500000000000001,0.22391714737574006,0.35833333333333334,0.27105759945484326,1376.0,10.0,0.04958333333333333,0.16485648921724932,0.26416666666666666,0.332871207437262,3161.0,7.0,-0.0001731601731601723,0.05738587965735365,0.1045021645021645,0.17956307108490305,5591.0,8.0,-0.03571428571428571,0.20203050891044214,0.24285714285714285,0.29554515522253144,9309.0,2.0,0.0,0.0,0.0,0.0,919.0,17.0,0.09393939393939393,0.19595894512023543,0.26509209744503864,0.3547005007519437,7781.0,6.0,0.0,0.0,0.125,0.30618621784789724,3079.0,1.0,0.0,,0.0,,260.0,1.0,0.5416666666666667,,0.8333333333333334,,1322.0,5.0,0.04361471861471861,0.15267586481794268,0.40995670995670996,0.3800461475994779,2011.0,4.0,0.2922619047619047,0.2583552766629546,0.4238095238095238,0.35046130920787916,415.0
2018-09-26,1.0,0.2,,0.6,,1376.0,11.0,0.05492424242424243,0.2512464019430683,0.2166666666666667,0.32623932743529266,3161.0,14.0,0.06783137497423211,0.20565706959805438,0.15146361574933004,0.17595297139435634,5591.0,13.0,0.024725274725274724,0.06419407387663693,0.10137362637362637,0.19544960846865223,9309.0,3.0,0.0,0.0,0.3333333333333333,0.5773502691896258,919.0,10.0,0.11142857142857143,0.16725067747440148,0.16285714285714287,0.1939212267310383,7781.0,15.0,0.047189754689754684,0.12406159910671764,0.29416426166426163,0.2711031541504381,3079.0,1.0,0.01563387784090909,,0.36363636363636365,,260.0,2.0,0.18750000000000003,0.30052038200428266,0.425,0.02357022603955158,1322.0,3.0,0.16666666666666666,0.2886751345948129,0.16666666666666666,0.2886751345948129,2011.0,1.0,0.0,,0.0,,415.0
2018-09-27,3.0,0.0,0.0,0.022222222222222223,0.03849001794597505,1376.0,13.0,-0.005504680504680509,0.11937911345418181,0.26078551078551077,0.22236109144212748,3161.0,18.0,-0.005078563411896744,0.23665522678399306,0.27617845117845113,0.32409839455212774,5591.0,4.0,0.023611111111111104,0.16779709233932175,0.27222222222222225,0.20578065752724592,9309.0,2.0,0.10714285714285714,0.1515228816828316,0.36428571428571427,0.09091372900969896,919.0,12.0,0.09351851851851851,0.2526005024279546,0.20605158730158726,0.25156278330873255,7781.0,9.0,0.006172839506172839,0.018518518518518517,0.14876543209876544,0.29793240411396144,3079.0,1.0,0.5,,0.5,,260.0,1.0,0.4333333333333333,,0.7333333333333333,,1322.0,5.0,0.2272727272727273,0.33178704710717566,0.3709090909090909,0.41192954544827587,2011.0,2.0,0.0,0.0,0.15,0.21213203435596426,415.0
2018-09-28,2.0,0.1,0.14142135623730953,0.3,0.4242640687119285,1376.0,18.0,0.09086419753086421,0.18344858946143286,0.20234567901234568,0.2412768289540198,3161.0,8.0,-0.08819444444444445,0.17503936317186483,0.24861111111111112,0.29736867775786985,5591.0,7.0,0.2662337662337662,0.3497334644596195,0.413961038961039,0.2898304415829403,9309.0,10.0,0.021666666666666664,0.06851601597031487,0.11499999999999999,0.2560924312300802,919.0,12.0,0.02604166666666667,0.18832834701095527,0.3645833333333333,0.3914510205825903,7781.0,9.0,-0.003030303030303031,0.058597150383426076,0.23804713804713806,0.31798374466509705,3079.0,3.0,0.3333333333333333,0.2886751345948129,0.43333333333333335,0.11547005383792514,260.0,9.0,0.2625,0.23566312688878588,0.4833333333333334,0.39051248379533265,1322.0,6.0,0.08750000000000001,0.10925886691706078,0.5125000000000001,0.3330728148618557,2011.0,1.0,0.0,,0.0,,415.0
2018-10-05,12.0,0.05744047619047619,0.14983338251873915,0.2642857142857143,0.31956893507842943,1376.0,4.0,0.08611111111111111,0.20374578689880277,0.5722222222222222,0.3433674920080543,3161.0,10.0,0.12926262626262625,0.2754216124149418,0.39778282828282824,0.39838262644432887,5591.0,16.0,0.04974296536796539,0.3018493513772038,0.31895968614718617,0.3356004319455071,9309.0,2.0,0.55,0.6363961030678927,0.375,0.10606601717798214,919.0,14.0,0.043080357142857136,0.1273179889737331,0.16130952380952382,0.25216174650023027,7781.0,10.0,0.03499999999999999,0.249499498997493,0.135,0.20282723902101735,3079.0,1.0,0.0,,0.4,,260.0,1.0,0.6,,0.9,,1322.0,5.0,0.15888888888888889,0.3355849876717033,0.42777777777777787,0.2919707409660203,2011.0,2.0,0.0,0.0,0.15,0.21213203435596426,415.0
2018-10-11,3.0,0.0,0.0,0.0,0.0,1376.0,13.0,0.10419871794871795,0.28770526395993595,0.43339743589743596,0.3032330537726468,3161.0,12.0,0.036342592592592586,0.13260247045293205,0.22175925925925924,0.32519059708035836,5591.0,13.0,0.0558531746031746,0.21439367350756616,0.26138583638583635,0.20103135598261596,9309.0,1.0,-0.16666666666666666,,0.16666666666666666,,919.0,8.0,-0.0125,0.03535533905932738,0.0625,0.1407885953173359,7781.0,14.0,-0.0221938775510204,0.34609329695200824,0.32942176870748296,0.32175008630678587,3079.0,6.0,0.1487962962962963,0.2737418845218316,0.2984259259259259,0.21306418689358736,260.0,2.0,0.3,0.4242640687119285,0.6,0.4242640687119285,1322.0,6.0,0.17407407407407408,0.19294394588880998,0.2740740740740741,0.2348276664318127,2011.0,3.0,0.0,0.0,0.0,0.0,415.0
2018-10-12,6.0,0.04027777777777778,0.06880258931389353,0.17916666666666667,0.278575244174113,1376.0,13.0,0.11474358974358977,0.2373696973486153,0.3128205128205128,0.33805022680136726,3161.0,13.0,0.016130536130536114,0.21337917586847377,0.31906759906759913,0.2307359521341688,5591.0,9.0,0.05529100529100528,0.19678458998388879,0.2587301587301587,0.25768241452875595,9309.0,4.0,0.041666666666666664,0.08333333333333333,0.2,0.2449489742783178,919.0,12.0,0.07896296296296297,0.1363481492639585,0.2339537037037037,0.2607478989322937,7781.0,6.0,0.05072150072150072,0.07911090086175236,0.14895382395382395,0.23319275562978348,3079.0,4.0,0.125,0.25,0.125,0.25,260.0,5.0,0.1983333333333333,0.24582627108499927,0.36500000000000005,0.37897889123274403,1322.0,5.0,0.08533333333333333,0.08211103593441153,0.37299999999999994,0.21741665069630703,2011.0,5.0,0.03333333333333333,0.07453559924999298,0.1,0.22360679774997896,415.0
2018-10-16,4.0,-0.13333333333333333,0.4496912521077347,0.45,0.42031734043061636,1376.0,15.0,0.03274009940676606,0.18929435171057407,0.2515568382235049,0.2766355519850366,3161.0,5.0,0.04222222222222222,0.14977349153115213,0.45777777777777773,0.36594204492913024,5591.0,10.0,0.1280952380952381,0.24935745090531275,0.20785714285714282,0.22462995521533932,9309.0,2.0,0.08333333333333333,0.11785113019775792,0.75,0.3535533905932738,919.0,10.0,0.0461111111111111,0.12166117017856645,0.24305555555555558,0.33030841990989945,7781.0,4.0,0.041666666666666664,0.08333333333333333,0.14166666666666666,0.24094720491334934,3079.0,2.0,0.0,0.0,0.15,0.21213203435596426,260.0,1.0,0.16666666666666666,,0.5,,1322.0,1.0,0.16666666666666666,,0.5,,2011.0,2.0,0.08333333333333333,0.11785113019775792,0.25,0.3535533905932738,415.0
2018-10-22,2.0,-0.15833333333333335,0.22391714737574006,0.26666666666666666,0.37712361663282534,1376.0,7.0,0.20174603174603176,0.364636273556191,0.4406349206349206,0.2269559312047048,3161.0,18.0,-0.002879789963123303,0.24720094949250127,0.2587413820747154,0.2699051752343926,5591.0,5.0,0.02666666666666666,0.22317158321693997,0.3466666666666666,0.4253103442063088,9309.0,2.0,-0.15833333333333335,0.22391714737574006,0.41666666666666663,0.16499158227686112,919.0,89.0,0.056935412174176206,0.2646848885552477,0.27563647442860933,0.2965695964270215,7781.0,3.0,-0.03282828282828284,0.28333468373253523,0.4868686868686869,0.2666896225197344,3079.0,3.0,0.5333333333333333,0.5033222956847166,0.43333333333333335,0.3883726732577014,260.0,2.0,-0.14583333333333334,0.24159481690540377,0.6166666666666667,0.11785113019775786,1322.0,5.0,-0.14833333333333334,0.20364729858807906,0.30166666666666664,0.2872523087616336,2011.0,3.0,-0.038888888888888896,0.26051942417096347,0.5111111111111111,0.5003702332976756,415.0
2018-10-23,4.0,0.09166666666666667,0.10671873729054747,0.275,0.2217355782608345,1376.0,10.0,-0.054523809523809516,0.22376857105903403,0.37976190476190474,0.3415064701966758,3161.0,24.0,0.06510582010582011,0.1816672005702947,0.2643584656084656,0.3215855438231779,5591.0,7.0,0.17074829931972788,0.14936698305456317,0.36768707482993196,0.2487529636588423,9309.0,2.0,0.3333333333333333,0.23570226039551584,0.5,0.0,919.0,17.0,0.03388294711824124,0.19659498370042944,0.29322638146167557,0.23341517506986978,7781.0,1.0,0.175,,0.44999999999999996,,3079.0,1.0,-0.1,,0.4,,260.0,4.0,0.3416666666666667,0.305959329178097,0.575,0.42720018726587655,1322.0,2.0,0.20833333333333331,0.01178511301977576,0.7,0.42426406871192857,2011.0,4.0,0.14791666666666667,0.1833806757055449,0.475,0.3304037933599835,415.0
2018-10-29,7.0,-0.07142857142857142,0.18898223650461363,0.27142857142857146,0.32513733362117264,1376.0,9.0,0.0962962962962963,0.16667245360323782,0.42500000000000004,0.362284418654736,3161.0,13.0,0.07350427350427349,0.1787898542026699,0.24893162393162394,0.2596876548137744,5591.0,3.0,0.0,0.0,0.43333333333333335,0.5131601439446883,9309.0,4.0,0.1,0.2,0.35000000000000003,0.28867513459481287,919.0,8.0,-0.11619318181818183,0.2856191040173837,0.3401515151515151,0.34339306686848503,7781.0,2.0,-0.05,0.07071067811865477,0.06666666666666667,0.09428090415820634,3079.0,14.0,0.006525974025974025,0.03924656242123087,0.14821428571428572,0.2919536787736208,260.0,6.0,0.035,0.06244997998398398,0.48999999999999994,0.18493242008906927,1322.0,11.0,0.10974747474747472,0.19883167451985143,0.2531313131313131,0.2611663384534647,2011.0,3.0,0.0,0.0,0.09999999999999999,0.17320508075688773,415.0
2018-10-30,4.0,0.0,0.0,0.075,0.15,1376.0,8.0,0.019166666666666665,0.24198747179954688,0.45965277777777774,0.26369758103104124,3161.0,15.0,0.05798941798941799,0.18659583654206116,0.22746031746031742,0.32709525773719916,5591.0,7.0,0.1530591630591631,0.2359556085225164,0.2838816738816739,0.2713094888650831,9309.0,4.0,0.08833333333333335,0.08491826135237998,0.4825,0.09251126057585284,919.0,5.0,0.053523809523809515,0.09278849721500775,0.23504761904761903,0.1912334945377158,7781.0,5.0,0.08,0.23874672772626646,0.13999999999999999,0.20869967789998037,3079.0,3.0,0.0,0.0,0.19999999999999998,0.17320508075688773,260.0,4.0,0.09208333333333335,0.1803565142217553,0.41,0.1792783889394947,1322.0,22.0,0.08506198347107438,0.208525222708427,0.23590909090909087,0.28782698326316153,2011.0,1.0,0.05333333333333334,,0.37999999999999995,,415.0
2018-11-01,1.0,0.44999999999999996,,0.35000000000000003,,1376.0,5.0,-0.04333333333333332,0.2839698732064528,0.3377777777777778,0.2312539622616841,3161.0,8.0,-0.05486111111111111,0.09028846090636114,0.10347222222222223,0.12538960447362812,5591.0,12.0,0.09692460317460318,0.20813593513536927,0.1972387566137566,0.27552005149401027,9309.0,108.0,0.13067510978390612,0.2442263179580498,0.2740854421641456,0.2612241613579424,919.0,4.0,-0.006249999999999992,0.012499999999999983,0.22291666666666668,0.18045403128610732,7781.0,6.0,0.049999999999999996,0.1224744871391589,0.1111111111111111,0.1928346057770368,3079.0,4.0,0.1,0.27080128015453203,0.275,0.32015621187164245,260.0,22.0,0.14523415977961432,0.19380095577159573,0.35421487603305785,0.3282883326312776,1322.0,9.0,0.02479423868312757,0.14922767691683136,0.2977366255144033,0.35590234074381816,2011.0,1.0,-0.23333333333333328,,0.25555555555555554,,415.0
2018-11-02,3.0,-0.07592592592592594,0.13150756131541477,0.2111111111111111,0.18358568490953672,1376.0,11.0,0.052272727272727276,0.13060175412994338,0.2825757575757576,0.29003004024139334,3161.0,13.0,0.058608058608058615,0.13997940966424105,0.2393772893772894,0.29960072854769704,5591.0,23.0,0.09838681849551413,0.20896640143524742,0.2109178743961353,0.2869569535196502,9309.0,18.0,0.009034792368125698,0.08570709239591191,0.1360830527497194,0.18330613684852165,919.0,14.0,0.08611111111111111,0.2038913924250684,0.2865079365079365,0.30085123208123504,7781.0,6.0,-0.008333333333333333,0.020412414523193152,0.12777777777777777,0.17690759253434063,3079.0,2.0,0.049999999999999996,0.12213662584131274,0.4636363636363636,0.012856486930664506,260.0,7.0,0.020476190476190478,0.08125015262500927,0.3628571428571428,0.3439822808282565,1322.0,4.0,-0.038888888888888896,0.07777777777777779,0.14722222222222223,0.17005808738904407,2011.0,2.0,0.0625,0.08838834764831845,0.42499999999999993,0.17677669529663687,415.0
2018-11-13,7.0,-0.007792207792207794,0.04404748609273998,0.1400974025974026,0.12646607886885936,1376.0,5.0,0.13999999999999999,0.31304951684997057,0.18000000000000002,0.2683281572999748,3161.0,26.0,0.0500206043956044,0.2032156937367934,0.25200549450549453,0.2856001214221694,5591.0,19.0,0.05822639933166248,0.2455989810300445,0.26222055137844613,0.26996156726368725,9309.0,5.0,0.07,0.15652475842498528,0.12666666666666665,0.2832352771499733,919.0,28.0,-0.013293650793650793,0.24267663837552866,0.2479365079365079,0.2914815150965069,7781.0,6.0,0.0,0.0,0.09999999999999999,0.15491933384829668,3079.0,1.0,0.0,,0.0,,260.0,2.0,0.125,0.1767766952966369,0.6125,0.4419417382415922,1322.0,33.0,0.0761248852157943,0.1727181476453232,0.24529384756657482,0.2637174257652546,2011.0,1.0,0.0,,0.3,,415.0
2018-11-16,40.0,0.03596834415584415,0.14005564338591261,0.26723376623376616,0.3096921487108174,1376.0,66.0,0.02352024028160392,0.23172691496341058,0.27281718702173247,0.2942213143348661,3161.0,10.0,-0.03208333333333334,0.08958171833169566,0.13958333333333334,0.16920805459770744,5591.0,3.0,0.004166666666666667,0.007216878364870323,0.08333333333333333,0.14433756729740646,9309.0,8.0,-0.08407738095238096,0.2314960792017417,0.42552083333333335,0.34413432479393385,919.0,7.0,-0.05273809523809524,0.1328783158585208,0.2975793650793651,0.21132693124514096,7781.0,5.0,0.08681818181818182,0.1381839779203894,0.24272727272727274,0.14834718417395593,3079.0,5.0,0.02727272727272727,0.06098367211363062,0.2309090909090909,0.2179544269598692,260.0,4.0,0.190625,0.32840761638549126,0.42812500000000003,0.3700190028903921,1322.0,10.0,-0.0015151515151515138,0.04501470698011554,0.21356060606060606,0.2910341100786338,2011.0,1.0,0.0,,0.3,,415.0
2018-11-20,5.0,0.025,0.03423265984407288,0.41,0.2792848008753788,1376.0,26.0,0.03266559829059829,0.2278411565592786,0.2971866096866097,0.2774064778663691,3161.0,14.0,0.0024147727272727237,0.2732745717255305,0.31065340909090905,0.30781308742251484,5591.0,17.0,0.15588235294117647,0.3638476470916332,0.3293137254901961,0.2781143467519809,9309.0,4.0,-0.041666666666666664,0.08333333333333333,0.0625,0.125,919.0,8.0,0.06250000000000003,0.377728171346236,0.35833333333333334,0.349943306065879,7781.0,3.0,0.0,0.0,0.0,0.0,3079.0,3.0,-0.05555555555555555,0.09622504486493763,0.15555555555555556,0.15030832509409647,260.0,1.0,0.0,,0.0,,1322.0,8.0,0.0328125,0.07100600452476839,0.225,0.3654742515847438,2011.0,1.0,0.0,,0.3,,415.0
2018-11-26,2.0,-0.06666666666666665,0.37712361663282534,0.4833333333333333,0.2592724864350674,1376.0,4.0,0.03125,0.0625,0.1875,0.225,3161.0,20.0,0.12916666666666665,0.22516238454769635,0.1811111111111111,0.22347890283647684,5591.0,7.0,0.0994047619047619,0.14661355910790008,0.6505952380952381,0.37084447994661895,9309.0,1.0,0.10714285714285714,,0.7142857142857143,,919.0,24.0,0.047817460317460314,0.1745162984194111,0.11669973544973544,0.20398610786815355,7781.0,11.0,0.18818181818181817,0.3121159458220032,0.34515151515151515,0.3660217468838691,3079.0,2.0,0.0,0.0,0.0,0.0,260.0,2.0,0.21704545454545454,0.30694862546961493,0.2943181818181818,0.4162287643802632,1322.0,1.0,0.21428571428571427,,0.42857142857142855,,2011.0,8.0,0.125,0.23145502494313785,0.23125,0.2576507880279596,415.0
2018-11-27,5.0,0.12545454545454546,0.1656629556540419,0.48818181818181816,0.32720327545896355,1376.0,11.0,0.043044733044733045,0.09629850966592969,0.23668109668109666,0.2216389221555817,3161.0,7.0,0.0,0.0,0.2785714285714286,0.36952350269992174,5591.0,4.0,-0.012499999999999997,0.10307764064044152,0.2625,0.18874586088176873,9309.0,2.0,0.1375,0.5126524163602469,0.5427083333333333,0.060398704226350956,919.0,9.0,0.014814814814814817,0.07286042804780002,0.04691358024691358,0.10315662575707746,7781.0,35.0,0.0796031746031746,0.19429628208719785,0.14887301587301585,0.2535690941475229,3079.0,1.0,0.0,,0.0,,260.0,1.0,0.2,,0.3,,1322.0,3.0,0.075,0.1299038105676658,0.2333333333333333,0.20816659994661327,2011.0,1.0,0.0,,0.0,,415.0
2018-11-28,5.0,0.12306313131313132,0.2624734974183211,0.4871641414141414,0.3886701486601382,1376.0,21.0,-0.00529100529100529,0.13047250538701075,0.2146825396825397,0.21646918146834018,3161.0,8.0,0.07414772727272725,0.34200891313633763,0.2929924242424243,0.22835519634383641,5591.0,15.0,0.16277777777777777,0.20341495889596098,0.19666666666666668,0.23026899383939978,9309.0,3.0,-0.044444444444444446,0.0769800358919501,0.38888888888888884,0.0838870492807861,919.0,5.0,-0.007222222222222213,0.3204910391459323,0.3705555555555555,0.21372287929887732,7781.0,227.0,0.06500936043887585,0.22850550840705017,0.24050853881801013,0.2958121867404366,3079.0,1.0,-0.024999999999999994,,0.3,,260.0,2.0,0.16666666666666666,0.23570226039551584,0.5,0.7071067811865476,1322.0,1.0,0.0,,0.0,,2011.0,1.0,0.2333333333333333,,0.2555555555555556,,415.0
2018-11-30,4.0,-0.038888888888888896,0.07777777777777779,0.07222222222222223,0.14444444444444446,1376.0,16.0,0.09797453703703704,0.18350292030171964,0.3178240740740741,0.3254049392458521,3161.0,18.0,0.04027777777777777,0.13803742269891697,0.1851851851851852,0.2651851547571214,5591.0,2.0,0.0,0.0,0.15,0.21213203435596426,9309.0,4.0,0.23333333333333334,0.27080128015453203,0.30833333333333335,0.36855573979159967,919.0,11.0,0.13087121212121214,0.16821370073855937,0.3505050505050505,0.36601334511066963,7781.0,43.0,0.04944945020526417,0.15362780284409824,0.21161040402319473,0.2641453801080259,3079.0,1.0,0.0,,0.3,,260.0,9.0,0.07222222222222222,0.4323707257024282,0.3111111111111111,0.3586239131891669,1322.0,5.0,0.14466666666666667,0.2831049188229134,0.44200000000000006,0.3672876895753249,2011.0,2.0,0.0,0.0,0.0,0.0,415.0
2018-12-02,1.0,0.0,,0.3,,1376.0,3.0,0.0,0.0,0.3,0.0,3161.0,7.0,0.03571428571428571,0.14351041110399657,0.15476190476190474,0.22458073812441695,5591.0,12.0,0.0828125,0.1692697406724641,0.23211805555555554,0.255789124742002,9309.0,4.0,0.05965909090909091,0.11931818181818182,0.3431818181818182,0.3193808576471122,919.0,3.0,0.18333333333333335,0.17559422921421233,0.5277777777777778,0.5023094811118091,7781.0,3.0,0.0,0.0,0.19999999999999998,0.17320508075688773,3079.0,1.0,0.0,,0.3,,260.0,2.0,0.17500000000000002,0.24748737341529167,0.44166666666666665,0.20034692133618848,1322.0,2.0,0.0,0.0,0.15,0.21213203435596426,2011.0,2.0,0.0,0.0,0.15,0.21213203435596426,415.0
2018-12-06,14.0,0.05154761904761905,0.17042293886038765,0.274047619047619,0.3143408687929636,1376.0,4.0,0.0,0.0,0.0,0.0,3161.0,22.0,-0.06646464646464646,0.22246220807761338,0.196010101010101,0.30568562101233826,5591.0,3.0,0.13749999999999998,0.5079062413477511,0.3875,0.3361082414937188,9309.0,3.0,0.5270833333333333,0.45656381901474996,0.6833333333333332,0.3547299442298794,919.0,21.0,0.08096655328798186,0.3286370448115857,0.35487528344671204,0.36714677611279734,7781.0,14.0,-0.02582766439909296,0.13858591309276705,0.20734126984126983,0.30018812822990554,3079.0,3.0,0.0,0.0,0.0,0.0,260.0,5.0,0.010000000000000009,0.49040799340956914,0.48,0.47644516998286385,1322.0,2.0,0.1,0.14142135623730953,0.325,0.31819805153394637,2011.0,3.0,-0.0015151515151515225,0.17966528413989408,0.26717171717171717,0.0762157860034177,415.0
2018-12-07,11.0,0.007070707070707071,0.06111570230687366,0.17676767676767674,0.22117556544963118,1376.0,11.0,0.2333333333333333,0.30368111930480995,0.40606060606060607,0.3115617227303557,3161.0,16.0,0.07912540584415585,0.16721395586872342,0.29508319805194805,0.33315168589636257,5591.0,5.0,-0.03555555555555555,0.07950463919999251,0.2822222222222222,0.21149088647440198,9309.0,3.0,0.04722222222222222,0.11190687265824269,0.4305555555555555,0.18111025903003378,919.0,27.0,0.07048416261379224,0.17059794003284257,0.16529024816061855,0.24561303807505627,7781.0,18.0,-0.05890790343915342,0.3662765391318504,0.36247519841269843,0.3778390673338274,3079.0,1.0,0.0,,0.4,,260.0,3.0,0.0,0.0,0.2333333333333333,0.20816659994661327,1322.0,2.0,-0.07777777777777779,0.10999438818457409,0.14444444444444446,0.2042752923427804,2011.0,3.0,-0.13333333333333333,0.23094010767585033,0.2333333333333333,0.40414518843273806,415.0
2018-12-13,4.0,0.02604166666666667,0.20750878495459738,0.41666666666666663,0.15456030825826172,1376.0,5.0,0.030000000000000006,0.09746794344808965,0.34,0.4098780306383839,3161.0,18.0,-0.03462411816578483,0.1802004285655275,0.3120656966490299,0.2764497621394427,5591.0,8.0,0.11875,0.1850434311954127,0.24583333333333335,0.22391714737574003,9309.0,1.0,0.0,,0.3,,919.0,16.0,-0.021875,0.15488571055243713,0.203125,0.22543938579287046,7781.0,5.0,0.07333333333333333,0.20330600909302537,0.2311111111111111,0.3064532268502219,3079.0,1.0,0.0,,0.3,,260.0,2.0,-0.06875,0.09722718241315029,0.33125,0.04419417382415922,1322.0,4.0,0.3275,0.3578058132562969,0.5725,0.11982626312012466,2011.0,5.0,0.03333333333333333,0.07453559924999298,0.1,0.223606797749979,415.0
2018-12-14,13.0,-0.00993589743589743,0.2337764793722677,0.38055555555555554,0.365285699111406,1376.0,10.0,-0.022500000000000003,0.14740816350075955,0.25333333333333335,0.32959009334266953,3161.0,39.0,0.0077177452177452175,0.26722240922313906,0.27603530728530734,0.3395231575782339,5591.0,5.0,0.2853333333333333,0.4152214937703597,0.2513333333333333,0.24462669973292409,9309.0,10.0,-0.04884920634920635,0.1303993251554923,0.3206349206349206,0.3255476163710945,919.0,14.0,-0.025616496598639463,0.30170009804094206,0.272546768707483,0.2996044529732755,7781.0,5.0,0.0030555555555555557,0.07022066190249628,0.21500000000000002,0.2261936786183769,3079.0,8.0,0.0,0.0,0.0875,0.16420805617960926,260.0,1.0,-0.1375,,0.3625,,1322.0,6.0,0.14907407407407405,0.2422226469585131,0.35648148148148145,0.2066313191595436,2011.0,4.0,0.125,0.25,0.225,0.45,415.0
2018-12-19,3.0,0.033333333333333326,0.05773502691896256,0.2388888888888889,0.21495046802392337,1376.0,9.0,0.0890873015873016,0.2838674187913209,0.27724867724867724,0.26840185648271153,3161.0,27.0,-0.025432098765432096,0.12678940796760663,0.1930246913580247,0.2997891128566898,5591.0,10.0,-0.1123611111111111,0.40231905018441455,0.5816666666666667,0.34856210614198213,9309.0,7.0,0.17142857142857143,0.2984084768360628,0.2,0.2645751311064591,919.0,12.0,0.10083333333333333,0.2385737291539541,0.2783333333333333,0.2691681911956076,7781.0,6.0,0.14166666666666666,0.20103896803024698,0.44999999999999996,0.32710854467592254,3079.0,3.0,0.041666666666666664,0.07216878364870323,0.28333333333333327,0.27537852736430507,260.0,1.0,0.0,,0.3,,1322.0,11.0,0.06227272727272728,0.15282937604341051,0.1990909090909091,0.27714453072195183,2011.0,3.0,-0.03333333333333333,0.05773502691896258,0.06666666666666667,0.11547005383792516,415.0
2018-12-20,13.0,0.03173076923076923,0.1778499619745784,0.23237179487179488,0.28730948723108923,1376.0,16.0,-0.05782412574404762,0.3628565322046966,0.27920386904761907,0.38188523363450944,3161.0,26.0,0.0775815850815851,0.26762566645448504,0.37416389166389175,0.3301150157242415,5591.0,8.0,0.2505,0.36848606807220774,0.3382361111111111,0.24767786751787302,9309.0,4.0,0.019583333333333335,0.03916666666666667,0.14083333333333334,0.2069017480190376,919.0,27.0,0.07311140505584951,0.2370158388610504,0.2826205173427395,0.27899470842385615,7781.0,9.0,-0.03719135802469135,0.4083875257983637,0.3205246913580247,0.35646434542748107,3079.0,2.0,0.41666666666666663,0.11785113019775796,0.41666666666666663,0.11785113019775796,260.0,6.0,0.15944444444444447,0.22420641944092173,0.3294444444444445,0.2858936606243398,1322.0,5.0,0.15,0.33541019662496846,0.48999999999999994,0.4774934554525329,2011.0,1.0,-0.1375,,0.3625,,415.0
2018-12-26,6.0,-0.11666666666666665,0.2041241452319315,0.2916666666666667,0.3826443082899139,1376.0,13.0,-0.043931623931623934,0.18313491809943597,0.41668803418803424,0.3719063139379933,3161.0,11.0,-0.11742424242424243,0.26988821105162497,0.2883838383838384,0.3902077204456601,5591.0,4.0,0.2171931818181818,0.2601730150528836,0.3800606060606061,0.2777041783120561,9309.0,2.0,-0.1,0.14142135623730953,0.475,0.38890872965260115,919.0,15.0,0.035555555555555556,0.1427989299383381,0.10814814814814815,0.17515257479181467,7781.0,5.0,0.05523809523809524,0.19106605095532905,0.19801587301587303,0.24049354277590493,3079.0,2.0,-0.1,0.14142135623730953,0.475,0.38890872965260115,260.0,5.0,0.16714285714285715,0.2659983121014423,0.40214285714285714,0.3842679378670076,1322.0,3.0,0.0,0.0,0.13333333333333333,0.15275252316519466,2011.0,1.0,0.21666666666666665,,0.39999999999999997,,415.0
2019-01-02,8.0,0.07509469696969698,0.11059526536597097,0.1881628787878788,0.19573117840159826,1376.0,9.0,0.20525252525252527,0.38931540299856826,0.26343434343434347,0.21592668721491326,3161.0,7.0,0.041673881673881676,0.071176385167215,0.176002886002886,0.1565575522736081,5591.0,32.0,-0.0874574469763135,0.24217762369245485,0.25354414682539683,0.3428057660069193,9309.0,6.0,-0.008333333333333333,0.020412414523193152,0.35000000000000003,0.3,919.0,6.0,0.05129810004810006,0.21558289217440765,0.28370971620971625,0.22968835895689196,7781.0,5.0,0.05,0.1118033988749895,0.06999999999999999,0.10954451150103323,3079.0,1.0,0.0,,0.0,,260.0,3.0,0.31666666666666665,0.3547299442298793,0.2833333333333334,0.3013856886670855,1322.0,1.0,0.0,,0.0,,2011.0,2.0,0.0,0.0,0.15,0.21213203435596426,415.0
2019-01-07,11.0,0.2664141414141415,0.29843846312740857,0.3919191919191919,0.30048688511431154,1376.0,6.0,0.13333333333333333,0.32659863237109044,0.16666666666666666,0.408248290463863,3161.0,7.0,-0.038831168831168834,0.18326298245926861,0.256038961038961,0.3258984946383706,5591.0,27.0,0.08588477366255144,0.24695694301094667,0.2313991769547325,0.27576856128193666,9309.0,8.0,0.10624999999999998,0.20077973005261265,0.36875,0.3327897353232337,919.0,20.0,0.01475318662818663,0.14316768473286057,0.34207852332852334,0.2227167163234201,7781.0,5.0,0.1065,0.09829165783524052,0.2613333333333333,0.22614646188305096,3079.0,1.0,0.225,,0.4,,260.0,5.0,-0.005,0.01118033988749895,0.12999999999999998,0.17888543819998315,1322.0,3.0,0.0880952380952381,0.11210721301898621,0.30952380952380953,0.27042420694287017,2011.0,1.0,0.0,,0.0,,415.0
2019-01-08,13.0,0.07068376068376069,0.21674003433098843,0.20341880341880342,0.20269148927058755,1376.0,8.0,0.024305555555555552,0.13730646151546444,0.25798611111111114,0.34879939423144896,3161.0,4.0,-0.05,0.05773502691896258,0.275,0.18929694486000911,5591.0,30.0,0.04592063492063492,0.25278583862026105,0.2786230158730158,0.3180001422782784,9309.0,18.0,-0.000308641975308644,0.135135186384632,0.1743827160493827,0.2096690417695838,919.0,13.0,0.033566433566433566,0.06467732105840673,0.11188811188811189,0.18231502627855614,7781.0,4.0,0.0,0.0,0.04166666666666667,0.05,3079.0,1.0,0.0,,0.0,,260.0,2.0,0.5,0.42426406871192857,0.525,0.31819805153394637,1322.0,2.0,0.1,0.14142135623730953,0.3,0.0,2011.0,1.0,-0.019791666666666707,,0.44999999999999996,,415.0
2019-01-09,11.0,0.021363636363636366,0.05119037551585792,0.06727272727272728,0.1678744119329035,1376.0,34.0,0.09282679738562091,0.15702060025593334,0.3280882352941176,0.27111832768919825,3161.0,23.0,0.06634983374113808,0.26789614742409384,0.33481711525189783,0.3107329496630697,5591.0,98.0,0.06036597755985511,0.2862643962860256,0.2477116647524812,0.2923323023651248,9309.0,14.0,-0.09181547619047618,0.3296232474106104,0.4048511904761905,0.41317561892145005,919.0,15.0,0.08242424242424243,0.17090325739944678,0.23164021164021165,0.2740121939908849,7781.0,5.0,-0.0033333333333333327,0.1120515754264774,0.13333333333333333,0.2173067468400883,3079.0,1.0,0.0,,0.0,,260.0,3.0,0.19999999999999998,0.34641016151377546,0.3,0.5196152422706632,1322.0,1.0,0.36363636363636365,,0.5227272727272727,,2011.0,6.0,0.027380952380952377,0.093723068694117,0.17857142857142858,0.2775622746817921,415.0
2019-01-11,23.0,0.0730679465462074,0.15650277767561804,0.2654766610201392,0.2831933750365977,1376.0,3.0,-0.016666666666666666,0.02886751345948129,0.2333333333333333,0.2081665999466133,3161.0,17.0,0.09795751633986928,0.244520445515781,0.35767973856209145,0.32175422403232473,5591.0,10.0,0.2415674603174603,0.32134649116931596,0.3366468253968254,0.3401305020884061,9309.0,3.0,0.0,0.0,0.0,0.0,919.0,10.0,0.011111111111111108,0.10223832401364638,0.08611111111111111,0.13880861877946296,7781.0,2.0,0.2,0.28284271247461906,0.1875,0.2651650429449553,3079.0,7.0,0.04619047619047619,0.10805397436309955,0.16333333333333333,0.225183053108815,260.0,1.0,0.0,,0.0,,1322.0,2.0,0.0,0.0,0.15,0.21213203435596426,2011.0,1.0,-0.15555555555555559,,0.2888888888888889,,415.0
2019-01-16,4.0,0.03431818181818182,0.21216498466112038,0.33386363636363636,0.2618911672261483,1376.0,10.0,0.0675,0.16585217648389317,0.1791666666666667,0.1995074954500225,3161.0,13.0,-0.10018315018315017,0.19339587530375166,0.19328449328449332,0.289587324966846,5591.0,8.0,0.115625,0.23258542977335692,0.3291666666666667,0.23933605251141338,9309.0,4.0,0.018750000000000003,0.05543389456520864,0.28125,0.201427199421197,919.0,16.0,0.035069444444444445,0.2610024892270494,0.23407118055555556,0.35426119551397484,7781.0,2.0,0.0,0.0,0.03333333333333333,0.04714045207910317,3079.0,1.0,0.0,,0.0,,260.0,4.0,-0.03125,0.04732423621500228,0.34375,0.4520209250318692,1322.0,2.0,0.03916666666666667,0.05539003119294623,0.21916666666666668,0.3099484724201033,2011.0,1.0,0.0,,0.3,,415.0
2019-01-18,6.0,-0.040462962962962944,0.11348596294700163,0.3349074074074074,0.16314063336625864,1376.0,4.0,0.017857142857142856,0.03571428571428571,0.12261904761904761,0.14848058883494156,3161.0,129.0,0.08126126762270172,0.1960308730251596,0.227186967497045,0.29266349052520035,5591.0,9.0,0.04074074074074073,0.24139512202667146,0.21481481481481485,0.30005143591979505,9309.0,1.0,0.0,,0.0,,919.0,25.0,0.08754891774891775,0.19702955531641597,0.24315670995671,0.2867886453541436,7781.0,56.0,0.03102430555555556,0.2112532608254498,0.222234623015873,0.2961096332386625,3079.0,1.0,1.0,,1.0,,260.0,3.0,0.10833333333333334,0.18763883748662838,0.30833333333333335,0.27424137786507224,1322.0,6.0,0.19074074074074074,0.37306979234299814,0.3064814814814815,0.29064459367996326,2011.0,2.0,0.0,0.0,0.0,0.0,415.0
2019-01-23,7.0,0.14666666666666667,0.20435988589486673,0.2866666666666666,0.36329765370173417,1376.0,1.0,-0.05,,0.4,,3161.0,15.0,-0.05131313131313131,0.25598302230641373,0.24707070707070705,0.3415686100864483,5591.0,6.0,0.09603174603174602,0.1421144716545993,0.3511904761904761,0.29517568464773014,9309.0,2.0,0.02738095238095238,0.03872251420783474,0.3130952380952381,0.01851946331679054,919.0,18.0,-0.08498877665544333,0.2202552856554019,0.18131313131313131,0.3284478309219532,7781.0,9.0,-0.005555555555555557,0.01666666666666667,0.12037037037037036,0.24434972912499164,3079.0,1.0,0.05476190476190476,,0.3261904761904762,,260.0,5.0,0.14095238095238097,0.2579539676630437,0.29523809523809524,0.36846728564360925,1322.0,2.0,0.02738095238095238,0.03872251420783474,0.1630952380952381,0.2306514976727548,2011.0,3.0,-0.033597883597883606,0.10910990727376378,0.20502645502645503,0.17853497570319582,415.0
2019-01-24,20.0,0.05643335137085137,0.22668340853499513,0.2814481421356421,0.3858280345673885,1376.0,3.0,0.0,0.0,0.022222222222222223,0.03849001794597505,3161.0,14.0,0.056020021645021637,0.2551888534905207,0.2890151515151515,0.25604858487143745,5591.0,6.0,0.12777777777777777,0.25764244531837066,0.32499999999999996,0.2520471737151158,9309.0,5.0,0.36,0.4979959839195493,0.6,0.5477225575051661,919.0,7.0,0.1476190476190476,0.32021817958960813,0.23095238095238096,0.25393725009168505,7781.0,6.0,-0.009375,0.022963966338592295,0.12118055555555556,0.159373865282816,3079.0,1.0,0.0,,0.0,,260.0,1.0,0.0,,0.0,,1322.0,6.0,0.03571428571428571,0.08748177652797064,0.10198412698412697,0.17600000429464707,2011.0,1.0,0.0,,0.3,,415.0
